{"RysKowalski": {"example|testowy zbior": {"max_points": 0, "chances": [170, 100, 100, 100, 100, 100, 100, 100, 100, 100, 100, 100, 100, 100]}, "question|testowy zbior": {"max_points": 2, "chances": [219.47573778617885, 170, 69.44444444444446, 100, 100, 83.33333333333334, 100, 100, 915.5220780938772, 100, 100, 83.33333333333334, 100]}, "ggg": {"max_points": 0, "chances": [170.0, 100]}}}